Question;Answer
Con tôi được giáo dục như thế nào?;Khi bé đến trường, ngoài nội dung chương trình học được thiết kế theo khung chương trình của bộ Giáo Dục, bé đến trường sẽ được trang bị các kỹ năng cần thiết trong cuộc sống như kỹ năng giao tiếp với mọi người, các kỹ năng tự lập để phục vụ bản thân, kỹ năng sinh hoạt trong môi trường tập thể … 
Trẻ mầm non được giáo dục những kỹ năng gì;Khi bé đến trường, ngoài nội dung chương trình học được thiết kế theo khung chương trình của bộ Giáo Dục, bé đến trường sẽ được trang bị các kỹ năng cần thiết trong cuộc sống như kỹ năng giao tiếp với mọi người, các kỹ năng tự lập để phục vụ bản thân, kỹ năng sinh hoạt trong môi trường tập thể … 
Trường sẽ dạy cho trẻ những kỹ năng gì;Khi bé đến trường, ngoài nội dung chương trình học được thiết kế theo khung chương trình của bộ Giáo Dục, bé đến trường sẽ được trang bị các kỹ năng cần thiết trong cuộc sống như kỹ năng giao tiếp với mọi người, các kỹ năng tự lập để phục vụ bản thân, kỹ năng sinh hoạt trong môi trường tập thể … 
Bé sẽ học được những kỹ năng gì ở trường;Khi bé đến trường, ngoài nội dung chương trình học được thiết kế theo khung chương trình của bộ Giáo Dục, bé đến trường sẽ được trang bị các kỹ năng cần thiết trong cuộc sống như kỹ năng giao tiếp với mọi người, các kỹ năng tự lập để phục vụ bản thân, kỹ năng sinh hoạt trong môi trường tập thể … 
Các con sẽ học các nội dung gì;Khi bé đến trường, ngoài nội dung chương trình học được thiết kế theo khung chương trình của bộ Giáo Dục, bé đến trường sẽ được trang bị các kỹ năng cần thiết trong cuộc sống như kỹ năng giao tiếp với mọi người, các kỹ năng tự lập để phục vụ bản thân, kỹ năng sinh hoạt trong môi trường tập thể … 
Nội dung học tập của các bé gồm những gì;Khi bé đến trường, ngoài nội dung chương trình học được thiết kế theo khung chương trình của bộ Giáo Dục, bé đến trường sẽ được trang bị các kỹ năng cần thiết trong cuộc sống như kỹ năng giao tiếp với mọi người, các kỹ năng tự lập để phục vụ bản thân, kỹ năng sinh hoạt trong môi trường tập thể … 
Trường có dạy các kỹ năng mềm hay không;Khi bé đến trường, ngoài nội dung chương trình học được thiết kế theo khung chương trình của bộ Giáo Dục, bé đến trường sẽ được trang bị các kỹ năng cần thiết trong cuộc sống như kỹ năng giao tiếp với mọi người, các kỹ năng tự lập để phục vụ bản thân, kỹ năng sinh hoạt trong môi trường tập thể … 
Cô giáo sẽ dạy những gì cho bé;Khi bé đến trường, ngoài nội dung chương trình học được thiết kế theo khung chương trình của bộ Giáo Dục, bé đến trường sẽ được trang bị các kỹ năng cần thiết trong cuộc sống như kỹ năng giao tiếp với mọi người, các kỹ năng tự lập để phục vụ bản thân, kỹ năng sinh hoạt trong môi trường tập thể … 
Chương trình học của bé ra sao;Khi bé đến trường, ngoài nội dung chương trình học được thiết kế theo khung chương trình của bộ Giáo Dục, bé đến trường sẽ được trang bị các kỹ năng cần thiết trong cuộc sống như kỹ năng giao tiếp với mọi người, các kỹ năng tự lập để phục vụ bản thân, kỹ năng sinh hoạt trong môi trường tập thể … 
Các kỹ năng sống có được dạy tại trường không;Khi bé đến trường, ngoài nội dung chương trình học được thiết kế theo khung chương trình của bộ Giáo Dục, bé đến trường sẽ được trang bị các kỹ năng cần thiết trong cuộc sống như kỹ năng giao tiếp với mọi người, các kỹ năng tự lập để phục vụ bản thân, kỹ năng sinh hoạt trong môi trường tập thể … 
Bé học gì khi đến trường?;Khi bé đến trường, ngoài nội dung chương trình học được thiết kế theo khung chương trình của bộ Giáo Dục, bé đến trường sẽ được trang bị các kỹ năng cần thiết trong cuộc sống như kỹ năng giao tiếp với mọi người, các kỹ năng tự lập để phục vụ bản thân, kỹ năng sinh hoạt trong môi trường tập thể … 
Chương trình học của trường dạy những gì ;Khi bé đến trường, ngoài nội dung chương trình học được thiết kế theo khung chương trình của bộ Giáo Dục, bé đến trường sẽ được trang bị các kỹ năng cần thiết trong cuộc sống như kỹ năng giao tiếp với mọi người, các kỹ năng tự lập để phục vụ bản thân, kỹ năng sinh hoạt trong môi trường tập thể … 
Chương trình học của trẻ mầm non gồm những gì;Khi bé đến trường, ngoài nội dung chương trình học được thiết kế theo khung chương trình của bộ Giáo Dục, bé đến trường sẽ được trang bị các kỹ năng cần thiết trong cuộc sống như kỹ năng giao tiếp với mọi người, các kỹ năng tự lập để phục vụ bản thân, kỹ năng sinh hoạt trong môi trường tập thể … 
Tôi có thể liên lạc với Giáo viên trong giờ hành chính bằng cách nào?;Phụ huynh cần trao đổi thì vui lòng gọi điện thoại qua số máy hotline của trường.
Nhà trường và phụ huynh trao đổi liên lạc ra sao;Phụ huynh cần trao đổi thì vui lòng gọi điện thoại qua số máy hotline của trường.
Tôi có thể liên lạc với giáo viên bằng cách nào?;Phụ huynh cần trao đổi thì vui lòng gọi điện thoại qua số máy hotline của trường.
Tôi có thể liên hệ, trao đổi nuôi dạy trẻ bằng cách nào;Phụ huynh cần trao đổi thì vui lòng gọi điện thoại qua số máy hotline của trường.
tôi muốn trao đổi với giáo viên thì phải làm sao ;Phụ huynh cần trao đổi thì vui lòng gọi điện thoại qua số máy hotline của trường.
Làm sao tôi liên lạc với giáo viên;Phụ huynh cần trao đổi thì vui lòng gọi điện thoại qua số máy hotline của trường.
Liên lạc giữa phụ huynh và nhà trường được thực hiện như thế nào?;Phụ huynh cần trao đổi thì vui lòng gọi điện thoại qua số máy hotline của trường.
Tôi có thể gọi điện trực tiếp cho giáo viên được không;Phụ huynh cần trao đổi thì vui lòng gọi điện thoại qua số máy hotline của trường.
Nếu con tôi không muốn rời tôi, thì tôi phải làm sao?;Phụ huynh có thể đưa trẻ đến trường chơi vài ngày (trước khi bé đi học chính thức) để tạo cho bé cảm thấy trường học là nơi rất quen thuộc với trẻ.
Con tôi đã từng rất sợ và hốt hoảng khi đến trường mầm non thì làm sao ;Phụ huynh có thể đưa trẻ đến trường chơi vài ngày (trước khi bé đi học chính thức) để tạo cho bé cảm thấy trường học là nơi rất quen thuộc với trẻ.
Bé mới vô học lỡ bé khóc quá rồi sao?;Phụ huynh có thể đưa trẻ đến trường chơi vài ngày (trước khi bé đi học chính thức) để tạo cho bé cảm thấy trường học là nơi rất quen thuộc với trẻ.
Trường có cách nào giúp con tôi hòa nhập nhanh không?;Phụ huynh có thể đưa trẻ đến trường chơi vài ngày (trước khi bé đi học chính thức) để tạo cho bé cảm thấy trường học là nơi rất quen thuộc với trẻ.
Làm sao để bé không khóc khi đến trường;Phụ huynh có thể đưa trẻ đến trường chơi vài ngày (trước khi bé đi học chính thức) để tạo cho bé cảm thấy trường học là nơi rất quen thuộc với trẻ.
Bé hay khóc khi không thấy tôi thì làm sao để bé học ở trường;Phụ huynh có thể đưa trẻ đến trường chơi vài ngày (trước khi bé đi học chính thức) để tạo cho bé cảm thấy trường học là nơi rất quen thuộc với trẻ.
Con tôi hay khóc khi ở chỗ lạ;Phụ huynh có thể đưa trẻ đến trường chơi vài ngày (trước khi bé đi học chính thức) để tạo cho bé cảm thấy trường học là nơi rất quen thuộc với trẻ.
Học tiếng Anh có quá sớm với trẻ không và có hiệu quả không?;Việc bắt đầu học tiếng Anh từ nhỏ sẽ giúp cho các bé có khả năng hấp thụ ngôn ngữ một cách tự nhiên, phát triển khả năng ngôn ngữ và tư duy não bộ tốt hơn.
Trẻ có cần thiết phỉ học tiếng Anh không;Việc bắt đầu học tiếng Anh từ nhỏ sẽ giúp cho các bé có khả năng hấp thụ ngôn ngữ một cách tự nhiên, phát triển khả năng ngôn ngữ và tư duy não bộ tốt hơn.
Học tiếng Anh có trợ giúp gì cho trẻ không;Việc bắt đầu học tiếng Anh từ nhỏ sẽ giúp cho các bé có khả năng hấp thụ ngôn ngữ một cách tự nhiên, phát triển khả năng ngôn ngữ và tư duy não bộ tốt hơn.
Trẻ còn nhỏ quá có học tiếng Anh được không;Việc bắt đầu học tiếng Anh từ nhỏ sẽ giúp cho các bé có khả năng hấp thụ ngôn ngữ một cách tự nhiên, phát triển khả năng ngôn ngữ và tư duy não bộ tốt hơn.
Trẻ mầm non còn quá nhỏ có tiếp thu ngôn ngữ mới được không?;Việc bắt đầu học tiếng Anh từ nhỏ sẽ giúp cho các bé có khả năng hấp thụ ngôn ngữ một cách tự nhiên, phát triển khả năng ngôn ngữ và tư duy não bộ tốt hơn.
Học tiếng Anh có lợi ích gì cho bé;Việc bắt đầu học tiếng Anh từ nhỏ sẽ giúp cho các bé có khả năng hấp thụ ngôn ngữ một cách tự nhiên, phát triển khả năng ngôn ngữ và tư duy não bộ tốt hơn.
Tại sao nên cho bé học tiếng Anh;Việc bắt đầu học tiếng Anh từ nhỏ sẽ giúp cho các bé có khả năng hấp thụ ngôn ngữ một cách tự nhiên, phát triển khả năng ngôn ngữ và tư duy não bộ tốt hơn.
Trẻ mầm non học tiếng Anh có quá sớm hay không?;Việc bắt đầu học tiếng Anh từ nhỏ sẽ giúp cho các bé có khả năng hấp thụ ngôn ngữ một cách tự nhiên, phát triển khả năng ngôn ngữ và tư duy não bộ tốt hơn.
Trẻ bị thừa cân hoặc thiếu cân sẽ được chăm sóc ra sao;Thông qua phiếu Lý lịch sức khỏe và đánh giá đầu vào, chuyên gia dinh dưỡng sẽ lên kế hoạch về chế độ dinh dưỡng riêng cho trẻ
Nhà trường có thực đơn cho học sinh theo ngày không? ;Thông qua phiếu Lý lịch sức khỏe và đánh giá đầu vào, chuyên gia dinh dưỡng sẽ lên kế hoạch về chế độ dinh dưỡng riêng cho trẻ
Thực đơn được thiết kế ra sao;Thông qua phiếu Lý lịch sức khỏe và đánh giá đầu vào, chuyên gia dinh dưỡng sẽ lên kế hoạch về chế độ dinh dưỡng riêng cho trẻ
Thực đơn của bé có đảm bảo dinh dưỡng không;Thông qua phiếu Lý lịch sức khỏe và đánh giá đầu vào, chuyên gia dinh dưỡng sẽ lên kế hoạch về chế độ dinh dưỡng riêng cho trẻ
Chế độ ăn uống, dinh dưỡng dành cho trẻ ra sao?;Thông qua phiếu Lý lịch sức khỏe và đánh giá đầu vào, chuyên gia dinh dưỡng sẽ lên kế hoạch về chế độ dinh dưỡng riêng cho trẻ
Trẻ bị dị ứng thành phần thức ăn thì sao;Thông qua phiếu Lý lịch sức khỏe và đánh giá đầu vào, chuyên gia dinh dưỡng sẽ lên kế hoạch về chế độ dinh dưỡng riêng cho trẻ
Nhà trường chú trọng đến dinh dưỡng và sức khỏe của bé như thế nào?;Thông qua phiếu Lý lịch sức khỏe và đánh giá đầu vào, chuyên gia dinh dưỡng sẽ lên kế hoạch về chế độ dinh dưỡng riêng cho trẻ
Hàng ngày bé sẽ ăn uống tại trường ra sao;Thông qua phiếu Lý lịch sức khỏe và đánh giá đầu vào, chuyên gia dinh dưỡng sẽ lên kế hoạch về chế độ dinh dưỡng riêng cho trẻ
Ngoài chương trình chính khóa, trường còn có chương trình nào khác không? ;Ngoài chương trình chính khóa,các bé còn học  các môn năng khiếu (Võ, Bơi, Aerobic), học tiếng Anh với gv Việt Nam và nước ngoài, học Kỹ năng sống và các tiết học khám phá.
Con tôi có học ngoại khóa không;Ngoài chương trình chính khóa,các bé còn học  các môn năng khiếu (Võ, Bơi, Aerobic), học tiếng Anh với gv Việt Nam và nước ngoài, học Kỹ năng sống và các tiết học khám phá.
Có lớp học ngoại khóa không;Ngoài chương trình chính khóa,các bé còn học  các môn năng khiếu (Võ, Bơi, Aerobic), học tiếng Anh với gv Việt Nam và nước ngoài, học Kỹ năng sống và các tiết học khám phá.
Chương trình học có hoạt động ngaoij khóa không;Ngoài chương trình chính khóa,các bé còn học  các môn năng khiếu (Võ, Bơi, Aerobic), học tiếng Anh với gv Việt Nam và nước ngoài, học Kỹ năng sống và các tiết học khám phá.
Bé có được hoạt động ngoài trời không ;Ngoài chương trình chính khóa,các bé còn học  các môn năng khiếu (Võ, Bơi, Aerobic), học tiếng Anh với gv Việt Nam và nước ngoài, học Kỹ năng sống và các tiết học khám phá.
Hoạt động ngoại khóa cho trẻ được tổ chức như thế nào?;Ngoài chương trình chính khóa,các bé còn học  các môn năng khiếu (Võ, Bơi, Aerobic), học tiếng Anh với gv Việt Nam và nước ngoài, học Kỹ năng sống và các tiết học khám phá.
Ở trường bé ngoại trừ học trên lớp còn làm gì khác không;Ngoài chương trình chính khóa,các bé còn học  các môn năng khiếu (Võ, Bơi, Aerobic), học tiếng Anh với gv Việt Nam và nước ngoài, học Kỹ năng sống và các tiết học khám phá.
Trường có hay tổ chức  các chương trình văn nghệ gì cho bé biểu diễn không?  ;Trường  tổ chức các chương trình như: Trung Thu, Noel, Hội Xuân, International day,… Với những ngày đặc biệt như: 20/10, ngày của Cha, ngày của Mẹ, các cô giáo đều dạy bé làm thiệp, làm hoa, làm quà về tặng người thân.
Các ngày lễ hội thì các bé sẽ làm gì;Trường  tổ chức các chương trình như: Trung Thu, Noel, Hội Xuân, International day,… Với những ngày đặc biệt như: 20/10, ngày của Cha, ngày của Mẹ, các cô giáo đều dạy bé làm thiệp, làm hoa, làm quà về tặng người thân.
Có hoạt động gì vào tết Trung Thu không;Trường  tổ chức các chương trình như: Trung Thu, Noel, Hội Xuân, International day,… Với những ngày đặc biệt như: 20/10, ngày của Cha, ngày của Mẹ, các cô giáo đều dạy bé làm thiệp, làm hoa, làm quà về tặng người thân.
Nhà trường có tổ chức các hoạt động vui không;Trường  tổ chức các chương trình như: Trung Thu, Noel, Hội Xuân, International day,… Với những ngày đặc biệt như: 20/10, ngày của Cha, ngày của Mẹ, các cô giáo đều dạy bé làm thiệp, làm hoa, làm quà về tặng người thân.
Các ngày lễ hội trường có tổ chức cho trẻ không;Trường  tổ chức các chương trình như: Trung Thu, Noel, Hội Xuân, International day,… Với những ngày đặc biệt như: 20/10, ngày của Cha, ngày của Mẹ, các cô giáo đều dạy bé làm thiệp, làm hoa, làm quà về tặng người thân.
Vào các ngày hội bé có tham gia hoạt động gì không;Trường  tổ chức các chương trình như: Trung Thu, Noel, Hội Xuân, International day,… Với những ngày đặc biệt như: 20/10, ngày của Cha, ngày của Mẹ, các cô giáo đều dạy bé làm thiệp, làm hoa, làm quà về tặng người thân.
" Nếu con tôi đánh bạn, nghịch ngợm; cô giáo sẽ xử lý như thế nào?";"Giáo viên khuyên bảo trẻ giúp trẻ tự nhận ra lỗi, hướng dẫn trẻ khắc phục lỗi và tự điều chỉnh hành vi của mình; chỉ trách phạt nghiêm túc (có tính giáo dục) khi trẻ phạm lỗi nhiều lần; khen thưởng trẻ khi trẻ ngoan hơn."
Nếu bé ngang bướng cãi lời thì cô giáo làm sao;"Giáo viên khuyên bảo trẻ giúp trẻ tự nhận ra lỗi, hướng dẫn trẻ khắc phục lỗi và tự điều chỉnh hành vi của mình; chỉ trách phạt nghiêm túc (có tính giáo dục) khi trẻ phạm lỗi nhiều lần; khen thưởng trẻ khi trẻ ngoan hơn."
Bé quậy phá thì sao;"Giáo viên khuyên bảo trẻ giúp trẻ tự nhận ra lỗi, hướng dẫn trẻ khắc phục lỗi và tự điều chỉnh hành vi của mình; chỉ trách phạt nghiêm túc (có tính giáo dục) khi trẻ phạm lỗi nhiều lần; khen thưởng trẻ khi trẻ ngoan hơn."
Trường hợp các bé giành chơi đánh nhau thì sao;"Giáo viên khuyên bảo trẻ giúp trẻ tự nhận ra lỗi, hướng dẫn trẻ khắc phục lỗi và tự điều chỉnh hành vi của mình; chỉ trách phạt nghiêm túc (có tính giáo dục) khi trẻ phạm lỗi nhiều lần; khen thưởng trẻ khi trẻ ngoan hơn."
Bé nhà em nghịch ngợm, quậy phá thì làm sao?;"Giáo viên khuyên bảo trẻ giúp trẻ tự nhận ra lỗi, hướng dẫn trẻ khắc phục lỗi và tự điều chỉnh hành vi của mình; chỉ trách phạt nghiêm túc (có tính giáo dục) khi trẻ phạm lỗi nhiều lần; khen thưởng trẻ khi trẻ ngoan hơn."
Trường giáo dục trẻ nghịch ngợm như thế nào?;"Giáo viên khuyên bảo trẻ giúp trẻ tự nhận ra lỗi, hướng dẫn trẻ khắc phục lỗi và tự điều chỉnh hành vi của mình; chỉ trách phạt nghiêm túc (có tính giáo dục) khi trẻ phạm lỗi nhiều lần; khen thưởng trẻ khi trẻ ngoan hơn."
Bé nhà em quậy qúa cô giáo có đánh mắng hay không?;"Giáo viên khuyên bảo trẻ giúp trẻ tự nhận ra lỗi, hướng dẫn trẻ khắc phục lỗi và tự điều chỉnh hành vi của mình; chỉ trách phạt nghiêm túc (có tính giáo dục) khi trẻ phạm lỗi nhiều lần; khen thưởng trẻ khi trẻ ngoan hơn."
Trường có cách gì để đảm bảo bé không bị la mắng, đánh đập …tổn thương thể chất và tinh thần?  ;"Giáo viên khuyên bảo trẻ giúp trẻ tự nhận ra lỗi, hướng dẫn trẻ khắc phục lỗi và tự điều chỉnh hành vi của mình; chỉ trách phạt nghiêm túc (có tính giáo dục) khi trẻ phạm lỗi nhiều lần; khen thưởng trẻ khi trẻ ngoan hơn."
Trẻ có được thay đồ, tắm gội ở trường không?;Hàng ngày các bé được thay đồ sau khi ăn, khi bị ướt bẩn và tắm gội tại trường
Cô giáo có tắm cho các con không;Hàng ngày các bé được thay đồ sau khi ăn, khi bị ướt bẩn và tắm gội tại trường
Cô giáo có hỗ trợ thay quần áo khi trẻ nghịch bẩn không;Hàng ngày các bé được thay đồ sau khi ăn, khi bị ướt bẩn và tắm gội tại trường
Gia đình có cần chuẩn bị quần áo cho trẻ không;Hàng ngày các bé được thay đồ sau khi ăn, khi bị ướt bẩn và tắm gội tại trường
Có cần chuẩn bị quần áo không;Hàng ngày các bé được thay đồ sau khi ăn, khi bị ướt bẩn và tắm gội tại trường
Bé có cần mang theo quần áo dự phòng không?;Hàng ngày các bé được thay đồ sau khi ăn, khi bị ướt bẩn và tắm gội tại trường
Tôi có thể nhờ người khác đón con tôi được không?;Trong trường hợp, phụ huynh không thể đón được vì lý do đột xuất, phụ huynh phải thông báo trực tiếp với nhà trường và người đón bé phải cầm theo CMND và xác nhận có chữ ký của phụ huynh.
Tôi lỡ bận không đón được bé có nhờ người khác đón được không;Trong trường hợp, phụ huynh không thể đón được vì lý do đột xuất, phụ huynh phải thông báo trực tiếp với nhà trường và người đón bé phải cầm theo CMND và xác nhận có chữ ký của phụ huynh.
Tôi nhờ người quen đón bé được không;Trong trường hợp, phụ huynh không thể đón được vì lý do đột xuất, phụ huynh phải thông báo trực tiếp với nhà trường và người đón bé phải cầm theo CMND và xác nhận có chữ ký của phụ huynh.
Người thân trong nhà nhưng không phải cha mẹ có đón trẻ được không ;Trong trường hợp, phụ huynh không thể đón được vì lý do đột xuất, phụ huynh phải thông báo trực tiếp với nhà trường và người đón bé phải cầm theo CMND và xác nhận có chữ ký của phụ huynh.
Nếu muốn nhờ người khác đón con hộ thì phải làm sao;Trong trường hợp, phụ huynh không thể đón được vì lý do đột xuất, phụ huynh phải thông báo trực tiếp với nhà trường và người đón bé phải cầm theo CMND và xác nhận có chữ ký của phụ huynh.
Trường có cho người khác đón bé hộ không?;Trong trường hợp, phụ huynh không thể đón được vì lý do đột xuất, phụ huynh phải thông báo trực tiếp với nhà trường và người đón bé phải cầm theo CMND và xác nhận có chữ ký của phụ huynh.
Bé nhà tôi đến bây giờ còn ăn cháo thì có đi học được không;Cô giáo sẽ tập cho bé ăn từ từ, đã có nhiều trường hợp bé chưa biết ăn cô giáo tập cho giờ đã tiến bộ rất nhiều. 
Cô giáo có thể tập ăn cho các trẻ chưa biết ăn không;Cô giáo sẽ tập cho bé ăn từ từ, đã có nhiều trường hợp bé chưa biết ăn cô giáo tập cho giờ đã tiến bộ rất nhiều. 
Bé chưa biết ăn cơm thì giải quyết làm sao;Cô giáo sẽ tập cho bé ăn từ từ, đã có nhiều trường hợp bé chưa biết ăn cô giáo tập cho giờ đã tiến bộ rất nhiều. 
Con tôi chưa biết ăn cơm trường có nhận những trường hợp giống vậy không?  ;Cô giáo sẽ tập cho bé ăn từ từ, đã có nhiều trường hợp bé chưa biết ăn cô giáo tập cho giờ đã tiến bộ rất nhiều. 
Con tôi chưa biết nói sợ bé đi học sẽ không bằng bạn?  ;Cô giáo sẽ dạy hát, trò chuyện cùng cô và bạn, đọc thơ….như vậy sẽ kích thích bé phát triển hơn về mặt ngôn ngữ.
Cô giáo làm cách nào tập nói cho các bé chậm biết nói;Cô giáo sẽ dạy hát, trò chuyện cùng cô và bạn, đọc thơ….như vậy sẽ kích thích bé phát triển hơn về mặt ngôn ngữ.
Trường có thể hỗ trợ tập nói cho các bé chưa biết nói không;Cô giáo sẽ dạy hát, trò chuyện cùng cô và bạn, đọc thơ….như vậy sẽ kích thích bé phát triển hơn về mặt ngôn ngữ.
Con tôi chưa biết nói thì làm sao;Cô giáo sẽ dạy hát, trò chuyện cùng cô và bạn, đọc thơ….như vậy sẽ kích thích bé phát triển hơn về mặt ngôn ngữ.
Bé chưa nói chuyện được có đi học được không;Cô giáo sẽ dạy hát, trò chuyện cùng cô và bạn, đọc thơ….như vậy sẽ kích thích bé phát triển hơn về mặt ngôn ngữ.
Với những bé biết nói chậm trường có giải pháp gì không;Cô giáo sẽ dạy hát, trò chuyện cùng cô và bạn, đọc thơ….như vậy sẽ kích thích bé phát triển hơn về mặt ngôn ngữ.
Tôi có thể tham quan trường lúc nào;Quý phụ huynh có thể đến trường theo giờ quy định của trường.
Tôi có thể đứng ngoài lớp xem bé được không;Quý phụ huynh có thể đến trường theo giờ quy định của trường.
Tôi có thể đến tham quan trường được không;Quý phụ huynh có thể đến trường theo giờ quy định của trường.
Tôi có thể đến xem bé khi bé đang học được không;Quý phụ huynh có thể đến trường theo giờ quy định của trường.
Học sinh đi học bằng phương tiện nào;Quý phụ huynh có thể tự đưa học sinh đến trường hoặc đăng ký dịch vụ xe buýt của trường.
Trường có dịch vụ đưa đón hay không;Quý phụ huynh có thể tự đưa học sinh đến trường hoặc đăng ký dịch vụ xe buýt của trường.
Việc đưa đón trẻ như thế nào;Quý phụ huynh có thể tự đưa học sinh đến trường hoặc đăng ký dịch vụ xe buýt của trường.
Trường có hỗ trợ đưa đón không;Quý phụ huynh có thể tự đưa học sinh đến trường hoặc đăng ký dịch vụ xe buýt của trường.
Trường có xe buýt cho học sinh không;Quý phụ huynh có thể tự đưa học sinh đến trường hoặc đăng ký dịch vụ xe buýt của trường.
Trường có cung cấp dịch vụ xe buýt không?;Quý phụ huynh có thể tự đưa học sinh đến trường hoặc đăng ký dịch vụ xe buýt của trường.
Có xe buýt đón trẻ không;Quý phụ huynh có thể tự đưa học sinh đến trường hoặc đăng ký dịch vụ xe buýt của trường.
Nhà trường có hỗ trợ đưa đón cho trẻ không;Quý phụ huynh có thể tự đưa học sinh đến trường hoặc đăng ký dịch vụ xe buýt của trường.
Có cần cho bé ăn sáng trước ở nhà ko;Bữa sáng tại căng tin của trường sẽ từ 7 giờ sáng đến 9 giờ sáng. Bữa trưa sẽ được phục vụ từ 11:00 P.M đến 12:00 P.M mỗi ngày và một bữa ăn nhẹ trong giờ giải lao buổi chiều.
Có chuẩn bị bữa sáng cho trẻ không;Bữa sáng tại căng tin của trường sẽ từ 7 giờ sáng đến 9 giờ sáng. Bữa trưa sẽ được phục vụ từ 11:00 P.M đến 12:00 P.M mỗi ngày và một bữa ăn nhẹ trong giờ giải lao buổi chiều.
Trường có cho bé ăn sáng không;Bữa sáng tại căng tin của trường sẽ từ 7 giờ sáng đến 9 giờ sáng. Bữa trưa sẽ được phục vụ từ 11:00 P.M đến 12:00 P.M mỗi ngày và một bữa ăn nhẹ trong giờ giải lao buổi chiều.
Các ăn sẽ diễn ra như thế nào;Bữa sáng tại căng tin của trường sẽ từ 7 giờ sáng đến 9 giờ sáng. Bữa trưa sẽ được phục vụ từ 11:00 P.M đến 12:00 P.M mỗi ngày và một bữa ăn nhẹ trong giờ giải lao buổi chiều.
Bé sẽ được cho ăn vào lúc mấy giờ;Bữa sáng tại căng tin của trường sẽ từ 7 giờ sáng đến 9 giờ sáng. Bữa trưa sẽ được phục vụ từ 11:00 P.M đến 12:00 P.M mỗi ngày và một bữa ăn nhẹ trong giờ giải lao buổi chiều.
Cô giáo cho bé ăn lúc mấy giờ;Bữa sáng tại căng tin của trường sẽ từ 7 giờ sáng đến 9 giờ sáng. Bữa trưa sẽ được phục vụ từ 11:00 P.M đến 12:00 P.M mỗi ngày và một bữa ăn nhẹ trong giờ giải lao buổi chiều.
Một ngày bé ăn mấy buổi;Bữa sáng tại căng tin của trường sẽ từ 7 giờ sáng đến 9 giờ sáng. Bữa trưa sẽ được phục vụ từ 11:00 P.M đến 12:00 P.M mỗi ngày và một bữa ăn nhẹ trong giờ giải lao buổi chiều.
Các con ăn một ngày mấy buổi;Bữa sáng tại căng tin của trường sẽ từ 7 giờ sáng đến 9 giờ sáng. Bữa trưa sẽ được phục vụ từ 11:00 P.M đến 12:00 P.M mỗi ngày và một bữa ăn nhẹ trong giờ giải lao buổi chiều.
Trẻ sẽ được ăn mấy buổi trong ngày;Bữa sáng tại căng tin của trường sẽ từ 7 giờ sáng đến 9 giờ sáng. Bữa trưa sẽ được phục vụ từ 11:00 P.M đến 12:00 P.M mỗi ngày và một bữa ăn nhẹ trong giờ giải lao buổi chiều.
Ở trường các con ăn uống như thế nào?;Bữa sáng tại căng tin của trường sẽ từ 7 giờ sáng đến 9 giờ sáng. Bữa trưa sẽ được phục vụ từ 11:00 P.M đến 12:00 P.M mỗi ngày và một bữa ăn nhẹ trong giờ giải lao buổi chiều.
Một ngày cho trẻ ăn bao nhiêu buổi;Bữa sáng tại căng tin của trường sẽ từ 7 giờ sáng đến 9 giờ sáng. Bữa trưa sẽ được phục vụ từ 11:00 P.M đến 12:00 P.M mỗi ngày và một bữa ăn nhẹ trong giờ giải lao buổi chiều.
Lúc nào các cô giáo sẽ cho trẻ ăn;Bữa sáng tại căng tin của trường sẽ từ 7 giờ sáng đến 9 giờ sáng. Bữa trưa sẽ được phục vụ từ 11:00 P.M đến 12:00 P.M mỗi ngày và một bữa ăn nhẹ trong giờ giải lao buổi chiều.
Thời gian học trong ngày?;Các lớp sẽ bắt đầu lúc 8:00 và kết thúc lúc 17:00. Các câu lạc bộ thể thao và hoạt động sau giờ học sẽ diễn ra từ 16:00 đến 17:00 từ thứ Hai đến thứ Sáu.
Giờ học chính thức của trường như thế nào;Các lớp sẽ bắt đầu lúc 8:00 và kết thúc lúc 17:00. Các câu lạc bộ thể thao và hoạt động sau giờ học sẽ diễn ra từ 16:00 đến 17:00 từ thứ Hai đến thứ Sáu.
Giờ giấc học tập của bé ra sao;Các lớp sẽ bắt đầu lúc 8:00 và kết thúc lúc 17:00. Các câu lạc bộ thể thao và hoạt động sau giờ học sẽ diễn ra từ 16:00 đến 17:00 từ thứ Hai đến thứ Sáu.
Thời gian vào lớp là lúc nào;Các lớp sẽ bắt đầu lúc 8:00 và kết thúc lúc 17:00. Các câu lạc bộ thể thao và hoạt động sau giờ học sẽ diễn ra từ 16:00 đến 17:00 từ thứ Hai đến thứ Sáu.
Các cô giữ bé từ mấy giờ đến mấy giờ;Các lớp sẽ bắt đầu lúc 8:00 và kết thúc lúc 17:00. Các câu lạc bộ thể thao và hoạt động sau giờ học sẽ diễn ra từ 16:00 đến 17:00 từ thứ Hai đến thứ Sáu.
Lớp học bao lâu;Các lớp sẽ bắt đầu lúc 8:00 và kết thúc lúc 17:00. Các câu lạc bộ thể thao và hoạt động sau giờ học sẽ diễn ra từ 16:00 đến 17:00 từ thứ Hai đến thứ Sáu.
Một ngày học từ mấy giờ đến mấy giờ;Các lớp sẽ bắt đầu lúc 8:00 và kết thúc lúc 17:00. Các câu lạc bộ thể thao và hoạt động sau giờ học sẽ diễn ra từ 16:00 đến 17:00 từ thứ Hai đến thứ Sáu.
Bé ở lớp bao lâu trong ngày;Các lớp sẽ bắt đầu lúc 8:00 và kết thúc lúc 17:00. Các câu lạc bộ thể thao và hoạt động sau giờ học sẽ diễn ra từ 16:00 đến 17:00 từ thứ Hai đến thứ Sáu.
Lớp học sẽ bắt đầu học lúc mấy giờ;Các lớp sẽ bắt đầu lúc 8:00 và kết thúc lúc 17:00. Các câu lạc bộ thể thao và hoạt động sau giờ học sẽ diễn ra từ 16:00 đến 17:00 từ thứ Hai đến thứ Sáu.
Đưa bé đến trường và đón bé lúc mấy giờ?;Các lớp sẽ bắt đầu lúc 8:00 và kết thúc lúc 17:00. Các câu lạc bộ thể thao và hoạt động sau giờ học sẽ diễn ra từ 16:00 đến 17:00 từ thứ Hai đến thứ Sáu.
Có phải đóng góp tiền để mua chăn, đệm cho học sinh không;Nhà trường cung cấp giường, chăn, gối cho từng học sinh, các dụng cụ cá nhân sẽ được giặt, vệ sinh hàng tuần.
Gia đình có cần chuẩn bị chăn nệm riêng hay không;Nhà trường cung cấp giường, chăn, gối cho từng học sinh, các dụng cụ cá nhân sẽ được giặt, vệ sinh hàng tuần.
Chăn nệm của trường sẽ dùng riêng hay lộn xộn;Nhà trường cung cấp giường, chăn, gối cho từng học sinh, các dụng cụ cá nhân sẽ được giặt, vệ sinh hàng tuần.
Chăn nệm của trường bao lâu giặt một lần;Nhà trường cung cấp giường, chăn, gối cho từng học sinh, các dụng cụ cá nhân sẽ được giặt, vệ sinh hàng tuần.
Chăn đệm trường cung cấp có đảm bảo vệ sinh không;Nhà trường cung cấp giường, chăn, gối cho từng học sinh, các dụng cụ cá nhân sẽ được giặt, vệ sinh hàng tuần.
Tôi có cần chuẩn bị chăn, đệm cho bé không;Nhà trường cung cấp giường, chăn, gối cho từng học sinh, các dụng cụ cá nhân sẽ được giặt, vệ sinh hàng tuần.
Bé có cần mang theo chăn, đệm riêng đến lớp không;Nhà trường cung cấp giường, chăn, gối cho từng học sinh, các dụng cụ cá nhân sẽ được giặt, vệ sinh hàng tuần.
Chăn, nệm cho bé là nhà trường cung cập hay gia đình tự chuẩn bị;Nhà trường cung cấp giường, chăn, gối cho từng học sinh, các dụng cụ cá nhân sẽ được giặt, vệ sinh hàng tuần.
Trường có gắn camera trực tuyến để phụ huynh theo dõi không?;Lớp học có gắn camera nhưng chưa có chức năng theo dõi trực tuyến cho phụ huynh.
Lớp học có camera hay không;Lớp học có gắn camera nhưng chưa có chức năng theo dõi trực tuyến cho phụ huynh.
Tôi muốn xem con trực tuyến trên Internet thì phải làm như thế nào?;Lớp học có gắn camera nhưng chưa có chức năng theo dõi trực tuyến cho phụ huynh.
Phụ huynh có xem camera được không;Lớp học có gắn camera nhưng chưa có chức năng theo dõi trực tuyến cho phụ huynh.
Tôi có thể xem camera của trường được không;Lớp học có gắn camera nhưng chưa có chức năng theo dõi trực tuyến cho phụ huynh.
Làm thế nào để truy cập camera theo dõi hoạt động của con tại trường? ;Lớp học có gắn camera nhưng chưa có chức năng theo dõi trực tuyến cho phụ huynh.
Phụ huynh xem camera như thế nào;Lớp học có gắn camera nhưng chưa có chức năng theo dõi trực tuyến cho phụ huynh.
Trường có chương trình học thử không;Trường có chương trình học trải nghiệm  4 ngày dành cho các trẻ
Có cho đăng ký học thử không;Trường có chương trình học trải nghiệm  4 ngày dành cho các trẻ
Trẻ có thể đến trường để làm quen trước không;Trường có chương trình học trải nghiệm  4 ngày dành cho các trẻ
Tôi không biết trường có phù hợp với con tôi hay không, bé có thể đến học thử không?;Trường có chương trình học trải nghiệm  4 ngày dành cho các trẻ
Bé có thể học thử tại trường trước không;Trường có chương trình học trải nghiệm  4 ngày dành cho các trẻ
Trường có cho học thử không;Trường có chương trình học trải nghiệm  4 ngày dành cho các trẻ
Trường có dạy các môn năng khiếu không;Các môn năng khiếu đã được tích hợp trong chương trình học của con.
Chương trình học có các môn năng khiếu không;Các môn năng khiếu đã được tích hợp trong chương trình học của con.
Các cô có dạy các bé vẽ tranh không;Các môn năng khiếu đã được tích hợp trong chương trình học của con.
Bé có được học hát, vẽ ,… hay không;Các môn năng khiếu đã được tích hợp trong chương trình học của con.
Các môn năng khiếu dạy riêng hay chung;Các môn năng khiếu đã được tích hợp trong chương trình học của con.
Các môn năng khiếu có trong chương trình học không;Các môn năng khiếu đã được tích hợp trong chương trình học của con.
Bé có cần đăng ký học thêm các môn năng khiếu không;Các môn năng khiếu đã được tích hợp trong chương trình học của con.
Học các môn năng khiếu có tính thêm phí không;Các môn năng khiếu đã được tích hợp trong chương trình học của con.
Trẻ có được học thêm năng khiếu ở trường không;Các môn năng khiếu đã được tích hợp trong chương trình học của con.
Phụ huynh có được biết thực đơn hàng tuần của con không?;Thực đơn mẫu được đăng trên website của trường, các phụ huynh có thể vào xem
Có thực đơn mẫu hay không;Thực đơn mẫu được đăng trên website của trường, các phụ huynh có thể vào xem
Thực đơn sẽ gồm những món gì;Thực đơn mẫu được đăng trên website của trường, các phụ huynh có thể vào xem
Ba mẹ có thể xem thực đơn mẫu không;Thực đơn mẫu được đăng trên website của trường, các phụ huynh có thể vào xem
Con tôi sẽ ăn gì trong một ngày;Thực đơn mẫu được đăng trên website của trường, các phụ huynh có thể vào xem
Trường có thực đơn theo ngày không;Thực đơn mẫu được đăng trên website của trường, các phụ huynh có thể vào xem
Làm sao để tôi biết bé ăn gì ở trường;Thực đơn mẫu được đăng trên website của trường, các phụ huynh có thể vào xem
Thực đơn của trường có thể xem ở đâu;Thực đơn mẫu được đăng trên website của trường, các phụ huynh có thể vào xem
Nguồn gốc thực phẩm của trường như thế nào;Trường luôn lựa chọn các thực phẩm có nguồn gốc và chất lượng tốt nhất cho các con: rau củ hữu cơ từ Organica, hải sản từ Minh Phú, sữa bột Abbot, sữa tươi thanh trùng Đà Lạt Milk …
Trường nhập thực phẩm từ đâu;Trường luôn lựa chọn các thực phẩm có nguồn gốc và chất lượng tốt nhất cho các con: rau củ hữu cơ từ Organica, hải sản từ Minh Phú, sữa bột Abbot, sữa tươi thanh trùng Đà Lạt Milk …
Thực phẩm của trường có đảm bảo chất lượng không;Trường luôn lựa chọn các thực phẩm có nguồn gốc và chất lượng tốt nhất cho các con: rau củ hữu cơ từ Organica, hải sản từ Minh Phú, sữa bột Abbot, sữa tươi thanh trùng Đà Lạt Milk …
Thực phẩm trường mua có an toàn không;Trường luôn lựa chọn các thực phẩm có nguồn gốc và chất lượng tốt nhất cho các con: rau củ hữu cơ từ Organica, hải sản từ Minh Phú, sữa bột Abbot, sữa tươi thanh trùng Đà Lạt Milk …
Chất lượng thực phẩm như thế nào;Trường luôn lựa chọn các thực phẩm có nguồn gốc và chất lượng tốt nhất cho các con: rau củ hữu cơ từ Organica, hải sản từ Minh Phú, sữa bột Abbot, sữa tươi thanh trùng Đà Lạt Milk …
Trường có dạy vào thứ 7 không;Trường nhận trông trẻ thứ 7, từ 8h đến 16h30
Thứ 7 có nhận giữ trẻ không?;Trường nhận trông trẻ thứ 7, từ 8h đến 16h30
Có học vào thứ 7 không;Trường nhận trông trẻ thứ 7, từ 8h đến 16h30
Cuối tuần có giữ trẻ không;Trường nhận trông trẻ thứ 7, từ 8h đến 16h30
Tôi muốn gửi bé vào thứ 7 có được không;Trường nhận trông trẻ thứ 7, từ 8h đến 16h30
Nhà trường có dạy cả ngày chủ nhật không?;Trường nhận trông trẻ thứ 7, từ 8h đến 16h30
Tôi quá bận, muốn gửi bé luôn cả thứ bảy và chủ nhật được không?;Trường nhận trông trẻ thứ 7, từ 8h đến 16h30
Thứ 7 tôi gửi con có được không;Trường nhận trông trẻ thứ 7, từ 8h đến 16h30
Tôi muốn gửi trẻ vào 2 ngày cuối tuần có được không;Trường nhận trông trẻ thứ 7, từ 8h đến 16h30
Trường nhận bé bao nhiêu tuổi;Trường nhận bé từ 3 tuổi đến 6 tuổi
Bé mấy tuổi thì học được ở trường;Trường nhận bé từ 3 tuổi đến 6 tuổi
Trường có nhận bé dưới 3 tuổi không;Trường nhận bé từ 3 tuổi đến 6 tuổi
Độ tuổi tuyển sinh là bao nhiêu;Trường nhận bé từ 3 tuổi đến 6 tuổi
Trường nhận bé từ mấy tuổi trở lên;Trường nhận bé từ 3 tuổi đến 6 tuổi
Bao nhiêu tuổi thì có thể gửi ở trường;Trường nhận bé từ 3 tuổi đến 6 tuổi
Bé 2 tuổi trường có giữ không;Trường nhận bé từ 3 tuổi đến 6 tuổi
Con tôi mới hơn 1 tuổi có gửi được không;Trường nhận bé từ 3 tuổi đến 6 tuổi
Thủ tục tuyển sinh như thế nào;Phụ huynh vui lòng tham khảo thủ tục tuyển sinh trên website của trường.
Thủ tục nhập học gồm những gì;Phụ huynh vui lòng tham khảo thủ tục tuyển sinh trên website của trường.
Có thể tư vấn cho tôi thủ tục nhập học được không;Phụ huynh vui lòng tham khảo thủ tục tuyển sinh trên website của trường.
Làm thủ tục nhập học ở đâu;Phụ huynh vui lòng tham khảo thủ tục tuyển sinh trên website của trường.
Tôi làm sao đăng ký cho con tôi học;Phụ huynh vui lòng tham khảo thủ tục tuyển sinh trên website của trường.
Đăng ký cho bé nhập học ở đâu;Phụ huynh vui lòng tham khảo thủ tục tuyển sinh trên website của trường.
Hồ sơ nhập học bao gồm những gì?;Phụ huynh vui lòng tham khảo thủ tục tuyển sinh trên website của trường.
Làm sao để làm thủ tục nhập học;Phụ huynh vui lòng tham khảo thủ tục tuyển sinh trên website của trường.
Thủ tục nhập học có phức tạp không;Phụ huynh vui lòng tham khảo thủ tục tuyển sinh trên website của trường.
Học phí của trường là bao nhiêu;Phụ huynh vui lòng tham khảo học phí tại website của trường.
Nhà trường có chính sách giảm học phí không?;Phụ huynh vui lòng tham khảo học phí tại website của trường.
Học phí có đắc không;Phụ huynh vui lòng tham khảo học phí tại website của trường.
Trường sẽ thu những khoản phí nào;Phụ huynh vui lòng tham khảo học phí tại website của trường.
Học phí được thu theo năm hay theo tháng?;Phụ huynh vui lòng tham khảo học phí tại website của trường.
Nhà trường có hoàn học phí trong trường hợp con nghỉ học không?;Phụ huynh vui lòng tham khảo học phí tại website của trường.
Học phí một năm là bao nhiêu;Phụ huynh vui lòng tham khảo học phí tại website của trường.
Năm sau nhà trường có tiếp tục tăng học phí không?;Phụ huynh vui lòng tham khảo học phí tại website của trường.
Tiền học phí của bé là bao nhiêu;Phụ huynh vui lòng tham khảo học phí tại website của trường.
Một năm đóng tiền học bao nhiêu;Phụ huynh vui lòng tham khảo học phí tại website của trường.
Giáo viên của trường có bằng cấp như thế nào?;Giáo viên Việt Nam đều tốt nghiệp từ các trường Đại học sư phạm và Cao đẳng sư phạm danh tiếng. Giáo viên Song ngữ/Tiếng Anh đều tốt nghiệp Đại học và Cao đẳng, có bằng có chứng chỉ quốc tế về giảng dạy Anh ngữ. 
Giáo viên có đủ kỹ năng để dạy trẻ;Giáo viên Việt Nam đều tốt nghiệp từ các trường Đại học sư phạm và Cao đẳng sư phạm danh tiếng. Giáo viên Song ngữ/Tiếng Anh đều tốt nghiệp Đại học và Cao đẳng, có bằng có chứng chỉ quốc tế về giảng dạy Anh ngữ. 
Giáo viên có đủ năng lực để dạy trẻ;Giáo viên Việt Nam đều tốt nghiệp từ các trường Đại học sư phạm và Cao đẳng sư phạm danh tiếng. Giáo viên Song ngữ/Tiếng Anh đều tốt nghiệp Đại học và Cao đẳng, có bằng có chứng chỉ quốc tế về giảng dạy Anh ngữ. 
Trường có đảm bảo chất lượng của đội ngũ giáo viên;Giáo viên Việt Nam đều tốt nghiệp từ các trường Đại học sư phạm và Cao đẳng sư phạm danh tiếng. Giáo viên Song ngữ/Tiếng Anh đều tốt nghiệp Đại học và Cao đẳng, có bằng có chứng chỉ quốc tế về giảng dạy Anh ngữ. 
Trình độ của giáo viên ra sao?;Giáo viên Việt Nam đều tốt nghiệp từ các trường Đại học sư phạm và Cao đẳng sư phạm danh tiếng. Giáo viên Song ngữ/Tiếng Anh đều tốt nghiệp Đại học và Cao đẳng, có bằng có chứng chỉ quốc tế về giảng dạy Anh ngữ. 
Giáo viên của trường có trình độ gì?;Giáo viên Việt Nam đều tốt nghiệp từ các trường Đại học sư phạm và Cao đẳng sư phạm danh tiếng. Giáo viên Song ngữ/Tiếng Anh đều tốt nghiệp Đại học và Cao đẳng, có bằng có chứng chỉ quốc tế về giảng dạy Anh ngữ. 
Năng lực của giáo viên ra sao?;Giáo viên Việt Nam đều tốt nghiệp từ các trường Đại học sư phạm và Cao đẳng sư phạm danh tiếng. Giáo viên Song ngữ/Tiếng Anh đều tốt nghiệp Đại học và Cao đẳng, có bằng có chứng chỉ quốc tế về giảng dạy Anh ngữ. 
Đội ngũ giáo viên có đảm bảo chất lượng hay không;Giáo viên Việt Nam đều tốt nghiệp từ các trường Đại học sư phạm và Cao đẳng sư phạm danh tiếng. Giáo viên Song ngữ/Tiếng Anh đều tốt nghiệp Đại học và Cao đẳng, có bằng có chứng chỉ quốc tế về giảng dạy Anh ngữ. 
Trường có chương trình ưu đãi gì không;Phụ huynh vui lòng tham khảo chương trình ưu đãi tại website của trường.
Trường có hỗ trợ cho gia đình chính sách không;Phụ huynh vui lòng tham khảo chương trình ưu đãi tại website của trường.
Nếu nhập học theo nhóm có được ưu đãi không;Phụ huynh vui lòng tham khảo chương trình ưu đãi tại website của trường.
Nếu nhập học nhiều bé trường có ưu đãi gì không;Phụ huynh vui lòng tham khảo chương trình ưu đãi tại website của trường.
Trường có hỗ trợ cho hoàn cảnh đặc biệt không;Phụ huynh vui lòng tham khảo chương trình ưu đãi tại website của trường.
Nếu tréinh đôi nhập học trường có giảm học phí không;Phụ huynh vui lòng tham khảo chương trình ưu đãi tại website của trường.
Có hỗ trợ cho trẻ mồ côi không;Phụ huynh vui lòng tham khảo chương trình ưu đãi tại website của trường.
Nhập học có ưu đãi gì không;Phụ huynh vui lòng tham khảo chương trình ưu đãi tại website của trường.
Bé thứ 2 trong một gia đình học tại trường có được giảm thêm học phí không?;Phụ huynh vui lòng tham khảo chương trình ưu đãi tại website của trường.
Nhiều bé trong gia đình cùng học có ưu đãi gì không;Phụ huynh vui lòng tham khảo chương trình ưu đãi tại website của trường.
Việc đóng học phí thực hiện như thế nào?;Phụ huynh có thể chuyển khoản ngân hàng, hoặc thanh toán tiền mặt trực tiếp tại trường của chúng tôi.
Thanh toán học phí bằng hình thức nào;Phụ huynh có thể chuyển khoản ngân hàng, hoặc thanh toán tiền mặt trực tiếp tại trường của chúng tôi.
Có nhận thanh toán chuyển khoản ko;Phụ huynh có thể chuyển khoản ngân hàng, hoặc thanh toán tiền mặt trực tiếp tại trường của chúng tôi.
Học phí có chuyển khoản được ko;Phụ huynh có thể chuyển khoản ngân hàng, hoặc thanh toán tiền mặt trực tiếp tại trường của chúng tôi.
Trường có nhận chuyển khoản không;Phụ huynh có thể chuyển khoản ngân hàng, hoặc thanh toán tiền mặt trực tiếp tại trường của chúng tôi.
Học phí được thanh toán như thế nào;Phụ huynh có thể chuyển khoản ngân hàng, hoặc thanh toán tiền mặt trực tiếp tại trường của chúng tôi.
Tôi có thể đóng học phí ở đâu?;Phụ huynh có thể chuyển khoản ngân hàng, hoặc thanh toán tiền mặt trực tiếp tại trường của chúng tôi.
Đóng học phí bằng những hình thức nào?;Phụ huynh có thể chuyển khoản ngân hàng, hoặc thanh toán tiền mặt trực tiếp tại trường của chúng tôi.
Tôi có thể đóng học phí bằng chuyển khoản được không?;Phụ huynh có thể chuyển khoản ngân hàng, hoặc thanh toán tiền mặt trực tiếp tại trường của chúng tôi.
Đóng học phí cho bé bằng cách nào?;Phụ huynh có thể chuyển khoản ngân hàng, hoặc thanh toán tiền mặt trực tiếp tại trường của chúng tôi.
Sữa bé uống là trường chuẩn bị hay gì?;Trường có chuẩn bị sữa cho bé. Gia đình có thể chuẩn bị thêm.
Muốn cho bé mang thêm sữa có được không;Trường có chuẩn bị sữa cho bé. Gia đình có thể chuẩn bị thêm.
Lỡ bé cần uống lượng sữa nhiều hơn trường cung cấp thì sao;Trường có chuẩn bị sữa cho bé. Gia đình có thể chuẩn bị thêm.
Bẽs có được uống sữa ở trường;Trường có chuẩn bị sữa cho bé. Gia đình có thể chuẩn bị thêm.
Bé có cần mang theo sữa không?;Trường có chuẩn bị sữa cho bé. Gia đình có thể chuẩn bị thêm.
Mẹ có cần chuẩn bị sữa cho bé?;Trường có chuẩn bị sữa cho bé. Gia đình có thể chuẩn bị thêm.
Trường có sữa cho bé uống không?;Trường có chuẩn bị sữa cho bé. Gia đình có thể chuẩn bị thêm.
Giáo viên  dạy tiếng Anh là người Việt hay người nước ngoài;Trường có cả giáo viên ngoại ngữ là người Việt và người nước ngoài.
Trường có giáo viên nước ngoài không;Trường có cả giáo viên ngoại ngữ là người Việt và người nước ngoài.
Con tôi có học với giáo viên là người bản xứ không;Trường có cả giáo viên ngoại ngữ là người Việt và người nước ngoài.
Con tôi có được học với giáo viên nước ngoài;Trường có cả giáo viên ngoại ngữ là người Việt và người nước ngoài.
Ai sẽ dạy tiếng Anh cho bé;Trường có cả giáo viên ngoại ngữ là người Việt và người nước ngoài.
Cô giáo sẽ là người dạy tiếng Anh cho bé luôn hay sao;Trường có cả giáo viên ngoại ngữ là người Việt và người nước ngoài.
Một lớp học có mấy giáo viên;Một lớp sẽ có 2 giáo viên phụ trách
Bao nhiêu giáo viên sẽ phụ trách một lớp học;Một lớp sẽ có 2 giáo viên phụ trách
Một lớp học có mấy cô giáo;Một lớp sẽ có 2 giáo viên phụ trách
Mấy cô giáo sẽ coi chừng các bé;Một lớp sẽ có 2 giáo viên phụ trách
Bao nhiêu cô sẽ giữ một lớp;Một lớp sẽ có 2 giáo viên phụ trách
Một lớp sẽ có bao nhiêu giáo viên;Một lớp sẽ có 2 giáo viên phụ trách
Sĩ số lớp là bao nhiêu;Một lớp có tối đa 20 học sinh.
Một lớp có bao nhiêu bé;Một lớp có tối đa 20 học sinh.
Một lớp có bao nhiêu học sinh;Một lớp có tối đa 20 học sinh.
Một lớp có tối đa bao nhiêu;Một lớp có tối đa 20 học sinh.
Phòng học của các con thế nào;Phòng học có diện tích 50m2.
Phòng học có diện tích bao nhiêu;Phòng học có diện tích 50m2.
Lớp học có đủ rộng cho bé chơi đùa;Phòng học có diện tích 50m2.
Lớp có đủ chỗ cho bé nằm ngủ;Phòng học có diện tích 50m2.
Phòng học có rộng không;Phòng học có diện tích 50m2.
Phòng học có lớn không;Phòng học có diện tích 50m2.
Lớp có đủ lớn để bé hoạt động;Phòng học có diện tích 50m2.
Trường có đủ điều kiện y tế khi bé bị thương hoặc bị bệnh;Cán bộ y tế của trường có thể sơ cứu khi bé bị thương hoặc chữa trị khi bé bị bênh ở mức độ nhẹ. Trong trường hợp bị nặng thì phải chuyển đến cơ sở y tế.
Công tác y tế của trường ra sao;Cán bộ y tế của trường có thể sơ cứu khi bé bị thương hoặc chữa trị khi bé bị bênh ở mức độ nhẹ. Trong trường hợp bị nặng thì phải chuyển đến cơ sở y tế.
Lỡ bé bị bênh đột xuất ở trường thì sao;Cán bộ y tế của trường có thể sơ cứu khi bé bị thương hoặc chữa trị khi bé bị bênh ở mức độ nhẹ. Trong trường hợp bị nặng thì phải chuyển đến cơ sở y tế.
Lỡ bé bị thương thì sao;Cán bộ y tế của trường có thể sơ cứu khi bé bị thương hoặc chữa trị khi bé bị bênh ở mức độ nhẹ. Trong trường hợp bị nặng thì phải chuyển đến cơ sở y tế.
Trường có khám chữa bệnh cho bé được không;Cán bộ y tế của trường có thể sơ cứu khi bé bị thương hoặc chữa trị khi bé bị bênh ở mức độ nhẹ. Trong trường hợp bị nặng thì phải chuyển đến cơ sở y tế.
Trường có tổ chức dã ngoại hay không;Trường sẽ tổ chức dã ngoại một năm hai lần, phụ huynh có thể tham gia cùng bé.
Một năm tổ chức dã ngoại mấy lần;Trường sẽ tổ chức dã ngoại một năm hai lần, phụ huynh có thể tham gia cùng bé.
Bé có được đi dã ngoại;Trường sẽ tổ chức dã ngoại một năm hai lần, phụ huynh có thể tham gia cùng bé.
Phụ huynh có được đi dã ngoại cùng;Trường sẽ tổ chức dã ngoại một năm hai lần, phụ huynh có thể tham gia cùng bé.
Hoạt động dã ngoại tổ chức ra sao;Trường sẽ tổ chức dã ngoại một năm hai lần, phụ huynh có thể tham gia cùng bé.
Dã ngoại có cho phụ huynh đi cùng;Trường sẽ tổ chức dã ngoại một năm hai lần, phụ huynh có thể tham gia cùng bé.
Lớp học có đi dã ngoại không;Trường sẽ tổ chức dã ngoại một năm hai lần, phụ huynh có thể tham gia cùng bé.
Có lớp học tiếng Anh hay không;Chương trình học của trường có tích hợp chương trình ngoại ngữ.
Có lớp học ngoại ngữ hay không;Chương trình học của trường có tích hợp chương trình ngoại ngữ.
Trường có dạy tiếng Anh hay không;Chương trình học của trường có tích hợp chương trình ngoại ngữ.
Trường có dạy ngoại ngữ hay không hay không;Chương trình học của trường có tích hợp chương trình ngoại ngữ.
Có cần đăng ký học thêm ngoại ngữ cho bé;Chương trình học của trường có tích hợp chương trình ngoại ngữ.
Có cần đăng ký học tiếng Anh cho trẻ;Chương trình học của trường có tích hợp chương trình ngoại ngữ.
Chương trình học có dạy ngoại ngữ hay không;Chương trình học của trường có tích hợp chương trình ngoại ngữ.
Chương trình học có tiếng Anh hay không;Chương trình học của trường có tích hợp chương trình ngoại ngữ.
Học ngoại ngữ có cần trả thêm phí hay không;Chương trình học của trường có tích hợp chương trình ngoại ngữ.
Có cần đóng tiền học tiếng anh hay không;Chương trình học của trường có tích hợp chương trình ngoại ngữ.
Thời lượng môn ngoại ngữ ra sao;Ngoại ngữ sẽ được dạy 2 bổi trong tuần, một buổi là 2 tiết
Thời lượng môn tiếng Anh ra sao;Ngoại ngữ sẽ được dạy 2 bổi trong tuần, một buổi là 2 tiết
Lịch học tiếng Anh ra sao;Ngoại ngữ sẽ được dạy 2 bổi trong tuần, một buổi là 2 tiết
Lịch học ngoại ngữ ra sao;Ngoại ngữ sẽ được dạy 2 bổi trong tuần, một buổi là 2 tiết
Bé học tiếng Anh bao nhiêu buổi trong tuần;Ngoại ngữ sẽ được dạy 2 bổi trong tuần, một buổi là 2 tiết
Học ngoại ngữ bao nhiêu buổi trong tuần;Ngoại ngữ sẽ được dạy 2 bổi trong tuần, một buổi là 2 tiết
Thời gian học tiếng Anh là bao lâu;Ngoại ngữ sẽ được dạy 2 bổi trong tuần, một buổi là 2 tiết
Thời gian học ngoại ngữ là bao lâu;Ngoại ngữ sẽ được dạy 2 bổi trong tuần, một buổi là 2 tiết
Giờ ngủ của các con ra sao;Sau bữa ăn trưa, từ 11 giờ 30 đến 14 giờ (180 phút).
Cô giáo cho bé ngủ lúc mấy giờ;Sau bữa ăn trưa, từ 11 giờ 30 đến 14 giờ (180 phút).
Bé ngủ lúc mấy giờ;Sau bữa ăn trưa, từ 11 giờ 30 đến 14 giờ (180 phút).
Bé được cho ngủ trong bao lâu;Sau bữa ăn trưa, từ 11 giờ 30 đến 14 giờ (180 phút).
Bé ngủ một ngày mấy tiếng;Sau bữa ăn trưa, từ 11 giờ 30 đến 14 giờ (180 phút).
Thời gian các con ngủ là bao lâu;Sau bữa ăn trưa, từ 11 giờ 30 đến 14 giờ (180 phút).
Các con được ngủ trưa khi nào;Sau bữa ăn trưa, từ 11 giờ 30 đến 14 giờ (180 phút).
Cô giáo cho các con ngủ lúc nào;Sau bữa ăn trưa, từ 11 giờ 30 đến 14 giờ (180 phút).
Đăng ký gửi trẻ ngày thứ 7 có tốn tiền không;Nếu đănng ký học ngày thứ 7 thì phụ huynh phải đóng thêm học phí và tiền ăn.
Giữ trẻ ngày thứ 7 có trả thêm phí không;Nếu đănng ký học ngày thứ 7 thì phụ huynh phải đóng thêm học phí và tiền ăn.
Có cần đóng tiền học ngày thứ 7 không;Nếu đănng ký học ngày thứ 7 thì phụ huynh phải đóng thêm học phí và tiền ăn.
Học ngày thứ 7 phải đóng thêm tiền gì;Nếu đănng ký học ngày thứ 7 thì phụ huynh phải đóng thêm học phí và tiền ăn.
Gửi trẻ ngày thứ 7 thì đóng thêm những khoản tiền nào;Nếu đănng ký học ngày thứ 7 thì phụ huynh phải đóng thêm học phí và tiền ăn.
Lớp học được trang bị những gì;Lớp học sẽ được trang bị một TV, kệ để chăn đệm, kệ để giày, đồ chơi,...
Cơ sơ vật chất của lớp học ra sao;Lớp học sẽ được trang bị một TV, kệ để chăn đệm, kệ để giày, đồ chơi,...
Lớp có TV cho bé xem hoạt hình không;Lớp học sẽ được trang bị một TV, kệ để chăn đệm, kệ để giày, đồ chơi,...
Bé có cần đem theo đồ chơi không;Lớp học sẽ được trang bị một TV, kệ để chăn đệm, kệ để giày, đồ chơi,...
Bé có đồ chơi ở trường không;Lớp học sẽ được trang bị một TV, kệ để chăn đệm, kệ để giày, đồ chơi,...
Lớp học có những gì;Lớp học sẽ được trang bị một TV, kệ để chăn đệm, kệ để giày, đồ chơi,...
Lớp học có thiết bị gì;Lớp học sẽ được trang bị một TV, kệ để chăn đệm, kệ để giày, đồ chơi,...
Trường có tổ chức khám sức khỏe cho bé không;Trường sẽ khám sức khỏe cho bé 2 lần/ năm.
Bé có được khám sức khỏe;Trường sẽ khám sức khỏe cho bé 2 lần/ năm.
aa a aa b bbb b;Câu hỏi của bạn vô nghĩa. Nhập lại câu hỏi khác
â tôi # học â bb b cc c d;Câu hỏi của bạn vô nghĩa. Nhập lại câu hỏi khác
" "" """"""'    a      a bb c";Câu hỏi của bạn vô nghĩa. Nhập lại câu hỏi khác
bạn tôi      ngành học;Câu hỏi của bạn vô nghĩa. Nhập lại câu hỏi khác
thi â ngành c tôi;Câu hỏi của bạn vô nghĩa. Nhập lại câu hỏi khác
" rrr r s ;lkoj nnos";Câu hỏi của bạn vô nghĩa. Nhập lại câu hỏi khác
"ncs ônd oa f nep n;do kspdm";Câu hỏi của bạn vô nghĩa. Nhập lại câu hỏi khác
"xét tuyển â ipjn ;lk''kkd ";Câu hỏi của bạn vô nghĩa. Nhập lại câu hỏi khác
xét â dvnmvo tuyển llbbx;Câu hỏi của bạn vô nghĩa. Nhập lại câu hỏi khác
tuyển việc A ndndbjn llla ngành  dsss;Câu hỏi của bạn vô nghĩa. Nhập lại câu hỏi khác
"cơ hội ngành a "" ""      nghành sss  ";Câu hỏi của bạn vô nghĩa. Nhập lại câu hỏi khác
gaooch sopd o9hjs odbv odbc ;Câu hỏi của bạn vô nghĩa. Nhập lại câu hỏi khác
học lớp trường ngoại dã ký đã số ;Câu hỏi của bạn vô nghĩa. Nhập lại câu hỏi khác
anh lớp ký cô trẻ chơi ngủ;Câu hỏi của bạn vô nghĩa. Nhập lại câu hỏi khác
